Metric,Baseline,LoRA Fine-tuned,Improvement (%)
MSE,0.2747,0.08885320591404226,67.6544572573563
MAE,0.3066,0.20181580068171026,34.17619025384531
R2,0.2463,0.6643445776695487,-169.72983259015376
Prey_MSE,0.4215,0.12303210575670147,70.81088831394983
Predator_MSE,0.1279,0.05467430607138309,57.25230174246826
