Metric,Baseline,Final Model,Improvement (%)
MSE,0.2747,0.01689847010000734,93.8483909355634
MAE,0.3066,0.06628327320516111,78.38118943080198
R2,0.2463,0.9310189905542229,-278.0020262095911
Prey_MSE,0.4215,0.005693429017962463,98.64924578458779
Predator_MSE,0.1279,0.02810351118205222,78.02696545578404
