{
    "hyperparameters": {
        "lora_rank": 8,
        "learning_rate": 5e-05,
        "batch_size": 2,
        "max_steps": 2000,
        "max_ctx_length": 768,
        "eval_ctx_length": 50,
        "early_stopping_patience": 3
    },
    "training_time": 37309.805091142654,
    "actual_steps": 2000,
    "early_stopped": false,
    "final_metrics": {
        "MSE": 0.031238377382598208,
        "MAE": 0.10843883870542051,
        "R2": 0.8648123620689165,
        "Prey_MSE": 0.03119946646779919,
        "Predator_MSE": 0.031277288297397225
    }
}